time,td,byt,pkt
1521118773289502.0,1000,241739,302
1521118773290502.0,1000,405638,408
1521118773291502.0,1000,420221,442
1521118773292502.0,1000,295234,390
1521118773293502.0,1000,641860,595
1521118773294502.0,1000,550607,527
1521118773295502.0,1000,551887,554
1521118773296502.0,1000,339991,412
1521118773297502.0,1000,348449,409
1521118773298502.0,1000,486879,495
1521118773299502.0,1000,299987,347
1521118773300502.0,1000,247362,305
1521118773301502.0,1000,233928,297
1521118773302502.0,1000,279241,331
1521118773303502.0,1000,343517,382
1521118773304502.0,1000,309656,347
1521118773305502.0,1000,384229,417
1521118773306502.0,1000,382012,413
1521118773307502.0,1000,437728,460
1521118773308502.0,1000,542160,529
1521118773309502.0,1000,460466,461
1521118773310502.0,1000,339512,392
1521118773311502.0,1000,332831,369
1521118773312502.0,1000,267895,340
1521118773313502.0,1000,263925,318
1521118773314502.0,1000,378363,385
1521118773315502.0,1000,327147,371
1521118773316502.0,1000,338637,355
1521118773317502.0,1000,503858,476
1521118773318502.0,1000,404144,422
1521118773319502.0,1000,431409,434
1521118773320502.0,1000,340614,360
1521118773321502.0,1000,356451,395
1521118773322502.0,1000,501064,486
1521118773323502.0,1000,422634,432
1521118773324502.0,1000,414023,478
1521118773325502.0,1000,345278,393
1521118773326502.0,1000,328214,367
1521118773327502.0,1000,306670,382
1521118773328502.0,1000,370102,404
1521118773329502.0,1000,467789,490
1521118773330502.0,1000,291516,345
1521118773331502.0,1000,233485,316
1521118773332502.0,1000,324439,370
1521118773333502.0,1000,237200,315
1521118773334502.0,1000,193600,275
1521118773335502.0,1000,203385,268
1521118773336502.0,1000,242657,315
1521118773337502.0,1000,211039,290
1521118773338502.0,1000,271115,305
1521118773339502.0,1000,218092,297
1521118773340502.0,1000,347004,383
1521118773341502.0,1000,508982,506
1521118773342502.0,1000,601133,537
1521118773343502.0,1000,397026,403
1521118773344502.0,1000,279385,342
1521118773345502.0,1000,336323,384
1521118773346502.0,1000,364096,384
1521118773347502.0,1000,330415,394
1521118773348502.0,1000,269311,332
1521118773349502.0,1000,240139,308
1521118773350502.0,1000,237801,341
1521118773351502.0,1000,285178,324
1521118773352502.0,1000,262612,293
1521118773353502.0,1000,268663,324
1521118773354502.0,1000,219808,302
1521118773355502.0,1000,283615,343
1521118773356502.0,1000,304421,339
1521118773357502.0,1000,428695,445
1521118773358502.0,1000,539741,534
1521118773359502.0,1000,417792,463
1521118773360502.0,1000,392984,452
1521118773361502.0,1000,414781,424
1521118773362502.0,1000,390726,423
1521118773363502.0,1000,348028,397
1521118773364502.0,1000,317949,367
1521118773365502.0,1000,276242,326
1521118773366502.0,1000,349648,396
1521118773367502.0,1000,298916,354
1521118773368502.0,1000,312851,365
1521118773369502.0,1000,391340,432
1521118773370502.0,1000,269940,360
1521118773371502.0,1000,591792,531
1521118773372502.0,1000,529804,513
1521118773373502.0,1000,306127,368
1521118773374502.0,1000,343511,359
1521118773375502.0,1000,322676,378
1521118773376502.0,1000,435163,416
1521118773377502.0,1000,422288,449
1521118773378502.0,1000,497875,467
1521118773379502.0,1000,565223,553
1521118773380502.0,1000,658669,580
1521118773381502.0,1000,596173,576
1521118773382502.0,1000,496808,470
1521118773383502.0,1000,314381,331
1521118773384502.0,1000,397030,411
1521118773385502.0,1000,260114,332
1521118773386502.0,1000,268408,363
1521118773387502.0,1000,388637,413
1521118773388502.0,1000,273981,344
1521118773389502.0,1000,373828,379
1521118773390502.0,1000,349825,411
1521118773391502.0,1000,333529,372
1521118773392502.0,1000,486727,502
1521118773393502.0,1000,642944,601
1521118773394502.0,1000,494513,476
1521118773395502.0,1000,523638,507
1521118773396502.0,1000,626848,624
1521118773397502.0,1000,533776,506
1521118773398502.0,1000,454180,449
1521118773399502.0,1000,531194,490
1521118773400502.0,1000,480382,457
1521118773401502.0,1000,403308,421
1521118773402502.0,1000,325238,367
1521118773403502.0,1000,434059,469
1521118773404502.0,1000,332538,387
1521118773405502.0,1000,347105,381
1521118773406502.0,1000,310527,372
1521118773407502.0,1000,385401,415
1521118773408502.0,1000,333247,379
1521118773409502.0,1000,336870,391
1521118773410502.0,1000,424534,453
1521118773411502.0,1000,584089,540
1521118773412502.0,1000,573142,534
1521118773413502.0,1000,405817,425
1521118773414502.0,1000,472232,477
1521118773415502.0,1000,418505,439
1521118773416502.0,1000,382344,397
1521118773417502.0,1000,390904,415
1521118773418502.0,1000,451734,459
1521118773419502.0,1000,434482,472
1521118773420502.0,1000,377508,428
1521118773421502.0,1000,527770,529
1521118773422502.0,1000,374543,420
1521118773423502.0,1000,322452,358
1521118773424502.0,1000,329050,372
1521118773425502.0,1000,423674,416
1521118773426502.0,1000,447818,447
1521118773427502.0,1000,310285,384
1521118773428502.0,1000,394874,448
1521118773429502.0,1000,313582,368
1521118773430502.0,1000,309191,377
1521118773431502.0,1000,445576,457
1521118773432502.0,1000,405541,428
1521118773433502.0,1000,556169,518
1521118773434502.0,1000,516338,514
1521118773435502.0,1000,539652,528
1521118773436502.0,1000,494142,500
1521118773437502.0,1000,516512,526
1521118773438502.0,1000,354834,403
1521118773439502.0,1000,389529,418
1521118773440502.0,1000,334040,405
1521118773441502.0,1000,305248,353
1521118773442502.0,1000,207594,283
1521118773443502.0,1000,236411,342
1521118773444502.0,1000,262233,350
1521118773445502.0,1000,388300,423
1521118773446502.0,1000,361291,407
1521118773447502.0,1000,531907,595
1521118773448502.0,1000,434856,482
1521118773449502.0,1000,273867,353
1521118773450502.0,1000,225583,307
1521118773451502.0,1000,445334,465
1521118773452502.0,1000,418683,424
1521118773453502.0,1000,441108,463
1521118773454502.0,1000,474929,483
1521118773455502.0,1000,395101,434
1521118773456502.0,1000,288270,361
1521118773457502.0,1000,344000,380
1521118773458502.0,1000,306444,375
1521118773459502.0,1000,476493,497
1521118773460502.0,1000,282082,346
1521118773461502.0,1000,332406,369
1521118773462502.0,1000,379795,391
1521118773463502.0,1000,337353,371
1521118773464502.0,1000,280786,349
1521118773465502.0,1000,355715,390
1521118773466502.0,1000,319291,396
1521118773467502.0,1000,267751,346
1521118773468502.0,1000,468003,509
1521118773469502.0,1000,415718,443
1521118773470502.0,1000,399966,459
1521118773471502.0,1000,320736,369
1521118773472502.0,1000,376581,388
1521118773473502.0,1000,477488,475
1521118773474502.0,1000,311528,385
1521118773475502.0,1000,273467,314
1521118773476502.0,1000,341142,366
1521118773477502.0,1000,248630,354
1521118773478502.0,1000,393164,412
1521118773479502.0,1000,359756,416
1521118773480502.0,1000,474012,479
1521118773481502.0,1000,549474,536
1521118773482502.0,1000,391819,416
1521118773483502.0,1000,334204,394
1521118773484502.0,1000,294978,372
1521118773485502.0,1000,409247,449
1521118773486502.0,1000,348657,414
1521118773487502.0,1000,683750,649
1521118773488502.0,1000,679627,608
1521118773489502.0,1000,735386,654
1521118773490502.0,1000,536002,556
1521118773491502.0,1000,364356,384
1521118773492502.0,1000,329007,389
1521118773493502.0,1000,367529,409
1521118773494502.0,1000,349703,404
1521118773495502.0,1000,437003,473
1521118773496502.0,1000,261837,338
1521118773497502.0,1000,429693,450
1521118773498502.0,1000,291892,336
1521118773499502.0,1000,236288,295
1521118773500502.0,1000,433784,436
1521118773501502.0,1000,570591,563
1521118773502502.0,1000,524338,502
1521118773503502.0,1000,417234,404
1521118773504502.0,1000,480330,468
1521118773505502.0,1000,419998,433
1521118773506502.0,1000,351735,412
1521118773507502.0,1000,378581,427
1521118773508502.0,1000,479085,493
1521118773509502.0,1000,343448,390
1521118773510502.0,1000,407073,433
1521118773511502.0,1000,432396,460
1521118773512502.0,1000,518178,517
1521118773513502.0,1000,599732,607
1521118773514502.0,1000,361362,399
1521118773515502.0,1000,430246,459
1521118773516502.0,1000,315434,375
1521118773517502.0,1000,386009,411
1521118773518502.0,1000,418124,421
1521118773519502.0,1000,330222,384
1521118773520502.0,1000,438577,435
1521118773521502.0,1000,444482,434
1521118773522502.0,1000,367012,393
1521118773523502.0,1000,425691,451
1521118773524502.0,1000,337043,385
1521118773525502.0,1000,280159,334
1521118773526502.0,1000,319099,375
1521118773527502.0,1000,363961,379
1521118773528502.0,1000,287186,357
1521118773529502.0,1000,358445,404
1521118773530502.0,1000,345521,378
1521118773531502.0,1000,341928,366
1521118773532502.0,1000,301813,333
1521118773533502.0,1000,353584,402
1521118773534502.0,1000,384742,417
1521118773535502.0,1000,367255,410
1521118773536502.0,1000,324673,371
1521118773537502.0,1000,482325,488
1521118773538502.0,1000,465720,460
1521118773539502.0,1000,427215,455
1521118773540502.0,1000,344219,369
1521118773541502.0,1000,371215,410
1521118773542502.0,1000,267174,311
1521118773543502.0,1000,286351,336
1521118773544502.0,1000,227349,305
1521118773545502.0,1000,345547,393
1521118773546502.0,1000,332200,366
1521118773547502.0,1000,292412,328
1521118773548502.0,1000,274706,315
1521118773549502.0,1000,314067,410
1521118773550502.0,1000,340929,393
1521118773551502.0,1000,286889,329
1521118773552502.0,1000,269440,323
1521118773553502.0,1000,342662,423
1521118773554502.0,1000,321421,393
1521118773555502.0,1000,466600,463
1521118773556502.0,1000,453254,485
1521118773557502.0,1000,422530,437
1521118773558502.0,1000,600862,584
1521118773559502.0,1000,547408,554
1521118773560502.0,1000,338951,408
1521118773561502.0,1000,277038,367
1521118773562502.0,1000,352642,423
1521118773563502.0,1000,319573,365
1521118773564502.0,1000,273414,346
1521118773565502.0,1000,318861,384
1521118773566502.0,1000,408257,409
1521118773567502.0,1000,444219,454
1521118773568502.0,1000,292319,345
1521118773569502.0,1000,237961,290
1521118773570502.0,1000,375242,398
1521118773571502.0,1000,321878,365
1521118773572502.0,1000,332822,374
1521118773573502.0,1000,318264,360
1521118773574502.0,1000,421725,415
1521118773575502.0,1000,359768,407
1521118773576502.0,1000,447661,443
1521118773577502.0,1000,392583,424
1521118773578502.0,1000,451722,461
1521118773579502.0,1000,296871,341
1521118773580502.0,1000,363581,376
1521118773581502.0,1000,248203,346
1521118773582502.0,1000,235690,328
1521118773583502.0,1000,266254,361
1521118773584502.0,1000,223215,293
1521118773585502.0,1000,254920,322
1521118773586502.0,1000,271782,327
1521118773587502.0,1000,407273,465
1521118773588502.0,1000,496272,494
1521118773589502.0,1000,414681,483
1521118773590502.0,1000,359558,397
1521118773591502.0,1000,354464,421
1521118773592502.0,1000,288655,365
1521118773593502.0,1000,418927,461
1521118773594502.0,1000,358107,406
1521118773595502.0,1000,330061,368
1521118773596502.0,1000,398974,440
1521118773597502.0,1000,383883,441
1521118773598502.0,1000,432197,456
1521118773599502.0,1000,514039,472
1521118773600502.0,1000,510633,486
1521118773601502.0,1000,442289,460
1521118773602502.0,1000,384992,391
1521118773603502.0,1000,464808,493
1521118773604502.0,1000,778153,696
1521118773605502.0,1000,530195,497
1521118773606502.0,1000,324578,356
1521118773607502.0,1000,397501,402
1521118773608502.0,1000,357068,371
1521118773609502.0,1000,285088,347
1521118773610502.0,1000,263407,335
1521118773611502.0,1000,353869,437
1521118773612502.0,1000,411055,477
1521118773613502.0,1000,444263,513
1521118773614502.0,1000,433102,430
1521118773615502.0,1000,501116,512
1521118773616502.0,1000,370475,405
1521118773617502.0,1000,391244,419
1521118773618502.0,1000,316070,363
1521118773619502.0,1000,343388,361
1521118773620502.0,1000,596821,576
1521118773621502.0,1000,688073,661
1521118773622502.0,1000,435128,481
1521118773623502.0,1000,388966,415
1521118773624502.0,1000,449381,492
1521118773625502.0,1000,397179,436
1521118773626502.0,1000,320454,380
1521118773627502.0,1000,340605,389
1521118773628502.0,1000,584736,569
1521118773629502.0,1000,668913,653
1521118773630502.0,1000,499692,486
1521118773631502.0,1000,478097,455
1521118773632502.0,1000,465529,456
1521118773633502.0,1000,302303,348
1521118773634502.0,1000,363561,394
1521118773635502.0,1000,330595,366
1521118773636502.0,1000,336683,383
1521118773637502.0,1000,322380,357
1521118773638502.0,1000,328844,367
1521118773639502.0,1000,280960,359
1521118773640502.0,1000,337700,409
1521118773641502.0,1000,337079,384
1521118773642502.0,1000,376180,376
1521118773643502.0,1000,436125,462
1521118773644502.0,1000,497177,500
1521118773645502.0,1000,373625,404
1521118773646502.0,1000,406009,400
1521118773647502.0,1000,347948,376
1521118773648502.0,1000,346644,398
1521118773649502.0,1000,466190,472
1521118773650502.0,1000,351249,404
1521118773651502.0,1000,463487,503
1521118773652502.0,1000,213759,320
1521118773653502.0,1000,252600,357
1521118773654502.0,1000,360723,395
1521118773655502.0,1000,277415,357
1521118773656502.0,1000,354553,404
1521118773657502.0,1000,309073,337
1521118773658502.0,1000,356392,394
1521118773659502.0,1000,338423,388
1521118773660502.0,1000,239743,331
1521118773661502.0,1000,216992,303
1521118773662502.0,1000,249370,332
1521118773663502.0,1000,364930,439
1521118773664502.0,1000,328115,426
1521118773665502.0,1000,385566,433
1521118773666502.0,1000,464880,467
1521118773667502.0,1000,403959,415
1521118773668502.0,1000,349251,404
1521118773669502.0,1000,237999,302
1521118773670502.0,1000,214423,308
1521118773671502.0,1000,228655,284
1521118773672502.0,1000,294248,357
1521118773673502.0,1000,171619,248
1521118773674502.0,1000,345487,366
1521118773675502.0,1000,441518,439
1521118773676502.0,1000,360178,464
1521118773677502.0,1000,351510,429
1521118773678502.0,1000,651692,617
1521118773679502.0,1000,494805,496
1521118773680502.0,1000,494047,477
1521118773681502.0,1000,537097,528
1521118773682502.0,1000,427246,458
1521118773683502.0,1000,389750,410
1521118773684502.0,1000,305067,354
1521118773685502.0,1000,356362,414
1521118773686502.0,1000,380383,403
1521118773687502.0,1000,274349,336
1521118773688502.0,1000,301866,382
1521118773689502.0,1000,216668,272
1521118773690502.0,1000,296954,363
1521118773691502.0,1000,390870,400
1521118773692502.0,1000,444711,453
1521118773693502.0,1000,365615,389
1521118773694502.0,1000,276469,324
1521118773695502.0,1000,225683,306
1521118773696502.0,1000,278349,386
1521118773697502.0,1000,368980,460
1521118773698502.0,1000,347096,398
1521118773699502.0,1000,238165,310
1521118773700502.0,1000,262010,325
1521118773701502.0,1000,337366,379
1521118773702502.0,1000,243458,371
1521118773703502.0,1000,304576,360
1521118773704502.0,1000,343716,374
1521118773705502.0,1000,303111,365
1521118773706502.0,1000,246017,338
1521118773707502.0,1000,462622,483
1521118773708502.0,1000,519971,520
1521118773709502.0,1000,328186,382
1521118773710502.0,1000,394192,420
1521118773711502.0,1000,277933,324
1521118773712502.0,1000,418643,442
1521118773713502.0,1000,309978,385
1521118773714502.0,1000,286439,336
1521118773715502.0,1000,247819,334
1521118773716502.0,1000,444462,479
1521118773717502.0,1000,649462,593
1521118773718502.0,1000,551105,544
1521118773719502.0,1000,569788,538
1521118773720502.0,1000,449672,446
1521118773721502.0,1000,492728,492
1521118773722502.0,1000,457275,455
1521118773723502.0,1000,359219,380
1521118773724502.0,1000,311763,330
1521118773725502.0,1000,360459,400
1521118773726502.0,1000,380778,397
1521118773727502.0,1000,365130,433
1521118773728502.0,1000,284249,323
1521118773729502.0,1000,224067,283
1521118773730502.0,1000,239026,337
1521118773731502.0,1000,295473,348
1521118773732502.0,1000,365327,425
1521118773733502.0,1000,268254,346
1521118773734502.0,1000,406790,457
1521118773735502.0,1000,442493,441
1521118773736502.0,1000,380302,420
1521118773737502.0,1000,398993,477
1521118773738502.0,1000,256793,315
1521118773739502.0,1000,331470,403
1521118773740502.0,1000,418244,456
1521118773741502.0,1000,586899,541
1521118773742502.0,1000,524818,541
1521118773743502.0,1000,437881,466
1521118773744502.0,1000,312693,358
1521118773745502.0,1000,276050,326
1521118773746502.0,1000,258067,314
1521118773747502.0,1000,497415,506
1521118773748502.0,1000,310943,358
1521118773749502.0,1000,237659,332
1521118773750502.0,1000,224825,307
1521118773751502.0,1000,263137,293
1521118773752502.0,1000,344353,387
1521118773753502.0,1000,266829,371
1521118773754502.0,1000,447428,469
1521118773755502.0,1000,472386,487
1521118773756502.0,1000,400156,400
1521118773757502.0,1000,368760,410
1521118773758502.0,1000,434716,436
1521118773759502.0,1000,464777,462
1521118773760502.0,1000,330152,385
1521118773761502.0,1000,384266,414
1521118773762502.0,1000,292412,347
1521118773763502.0,1000,421174,429
1521118773764502.0,1000,389691,401
1521118773765502.0,1000,502753,502
1521118773766502.0,1000,479172,499
1521118773767502.0,1000,358463,403
1521118773768502.0,1000,354260,409
1521118773769502.0,1000,419920,412
1521118773770502.0,1000,527832,511
1521118773771502.0,1000,374632,399
1521118773772502.0,1000,500020,496
1521118773773502.0,1000,516805,490
1521118773774502.0,1000,667912,616
1521118773775502.0,1000,478307,500
1521118773776502.0,1000,418852,411
1521118773777502.0,1000,537214,541
1521118773778502.0,1000,543096,540
1521118773779502.0,1000,224818,324
1521118773780502.0,1000,499156,488
1521118773781502.0,1000,472858,471
1521118773782502.0,1000,495916,502
1521118773783502.0,1000,390333,429
1521118773784502.0,1000,449421,445
1521118773785502.0,1000,549773,523
1521118773786502.0,1000,570049,550
1521118773787502.0,1000,545393,516
1521118773788502.0,1000,464550,447
1521118773789502.0,1000,660382,626
1521118773790502.0,1000,330143,393
1521118773791502.0,1000,425292,440
1521118773792502.0,1000,465929,470
1521118773793502.0,1000,393637,411
1521118773794502.0,1000,384868,401
1521118773795502.0,1000,310420,371
1521118773796502.0,1000,381235,450
1521118773797502.0,1000,337715,399
1521118773798502.0,1000,398194,406
1521118773799502.0,1000,347756,406
1521118773800502.0,1000,385174,438
1521118773801502.0,1000,397951,410
1521118773802502.0,1000,517144,510
1521118773803502.0,1000,277486,321
1521118773804502.0,1000,348871,420
1521118773805502.0,1000,498988,524
1521118773806502.0,1000,616414,561
1521118773807502.0,1000,427938,427
1521118773808502.0,1000,423470,452
1521118773809502.0,1000,337046,406
1521118773810502.0,1000,390734,409
1521118773811502.0,1000,385270,419
1521118773812502.0,1000,219788,297
1521118773813502.0,1000,442623,455
1521118773814502.0,1000,257924,356
1521118773815502.0,1000,466662,458
1521118773816502.0,1000,371162,414
1521118773817502.0,1000,594645,559
1521118773818502.0,1000,457304,437
1521118773819502.0,1000,349149,387
1521118773820502.0,1000,423039,449
1521118773821502.0,1000,519194,504
1521118773822502.0,1000,285593,317
1521118773823502.0,1000,376239,418
1521118773824502.0,1000,425388,431
1521118773825502.0,1000,394228,426
1521118773826502.0,1000,360999,399
1521118773827502.0,1000,380439,444
1521118773828502.0,1000,416465,496
1521118773829502.0,1000,430384,448
1521118773830502.0,1000,540989,536
1521118773831502.0,1000,469460,460
1521118773832502.0,1000,414433,515
1521118773833502.0,1000,308263,365
1521118773834502.0,1000,460246,454
1521118773835502.0,1000,372742,398
1521118773836502.0,1000,487367,498
1521118773837502.0,1000,341299,423
1521118773838502.0,1000,394553,415
1521118773839502.0,1000,304460,377
1521118773840502.0,1000,439512,438
1521118773841502.0,1000,349849,380
1521118773842502.0,1000,279686,358
1521118773843502.0,1000,288448,343
1521118773844502.0,1000,243640,332
1521118773845502.0,1000,206611,293
1521118773846502.0,1000,234737,329
1521118773847502.0,1000,436588,474
1521118773848502.0,1000,445996,458
1521118773849502.0,1000,335948,387
1521118773850502.0,1000,368443,449
1521118773851502.0,1000,534857,553
1521118773852502.0,1000,337057,379
1521118773853502.0,1000,265813,353
1521118773854502.0,1000,459942,459
1521118773855502.0,1000,581987,582
1521118773856502.0,1000,340793,411
1521118773857502.0,1000,607858,592
1521118773858502.0,1000,418979,426
1521118773859502.0,1000,336569,369
1521118773860502.0,1000,482316,467
1521118773861502.0,1000,322632,356
1521118773862502.0,1000,390771,435
1521118773863502.0,1000,444479,466
1521118773864502.0,1000,328921,387
1521118773865502.0,1000,626640,590
1521118773866502.0,1000,413510,429
1521118773867502.0,1000,392250,432
1521118773868502.0,1000,542145,561
1521118773869502.0,1000,400166,421
1521118773870502.0,1000,488816,485
1521118773871502.0,1000,462806,472
1521118773872502.0,1000,282377,356
1521118773873502.0,1000,312738,361
1521118773874502.0,1000,302652,359
1521118773875502.0,1000,536665,539
1521118773876502.0,1000,378149,433
1521118773877502.0,1000,318614,385
1521118773878502.0,1000,404945,436
1521118773879502.0,1000,365434,432
1521118773880502.0,1000,407448,453
1521118773881502.0,1000,289712,368
1521118773882502.0,1000,344014,394
1521118773883502.0,1000,483348,480
1521118773884502.0,1000,466767,476
1521118773885502.0,1000,527941,547
1521118773886502.0,1000,460739,473
1521118773887502.0,1000,361176,419
1521118773888502.0,1000,434184,454
1521118773889502.0,1000,352891,410
1521118773890502.0,1000,341896,344
1521118773891502.0,1000,286577,323
1521118773892502.0,1000,357439,398
1521118773893502.0,1000,269902,343
1521118773894502.0,1000,328277,375
1521118773895502.0,1000,536028,548
1521118773896502.0,1000,326794,382
1521118773897502.0,1000,361102,414
1521118773898502.0,1000,474540,455
1521118773899502.0,1000,500205,467
1521118773900502.0,1000,431079,430
1521118773901502.0,1000,376649,417
1521118773902502.0,1000,378097,473
1521118773903502.0,1000,303443,340
1521118773904502.0,1000,388475,408
1521118773905502.0,1000,294089,357
1521118773906502.0,1000,395555,450
1521118773907502.0,1000,410699,451
1521118773908502.0,1000,350571,404
1521118773909502.0,1000,428554,450
1521118773910502.0,1000,443504,458
1521118773911502.0,1000,405868,419
1521118773912502.0,1000,457371,476
1521118773913502.0,1000,480781,469
1521118773914502.0,1000,354344,424
1521118773915502.0,1000,274771,333
1521118773916502.0,1000,299485,346
1521118773917502.0,1000,442808,474
1521118773918502.0,1000,294592,354
1521118773919502.0,1000,404517,432
1521118773920502.0,1000,553801,551
1521118773921502.0,1000,721116,659
1521118773922502.0,1000,653481,597
1521118773923502.0,1000,464468,520
1521118773924502.0,1000,445148,459
1521118773925502.0,1000,412763,407
1521118773926502.0,1000,284142,346
1521118773927502.0,1000,377821,401
1521118773928502.0,1000,505626,497
1521118773929502.0,1000,192469,293
1521118773930502.0,1000,514867,508
1521118773931502.0,1000,389987,419
1521118773932502.0,1000,477114,496
1521118773933502.0,1000,221147,291
1521118773934502.0,1000,316276,354
1521118773935502.0,1000,512558,490
1521118773936502.0,1000,613379,581
1521118773937502.0,1000,521795,506
1521118773938502.0,1000,360742,401
1521118773939502.0,1000,400091,436
1521118773940502.0,1000,749327,662
1521118773941502.0,1000,571427,551
1521118773942502.0,1000,566259,556
1521118773943502.0,1000,506815,493
1521118773944502.0,1000,581157,559
1521118773945502.0,1000,259097,337
1521118773946502.0,1000,374803,419
1521118773947502.0,1000,210230,301
1521118773948502.0,1000,237580,300
1521118773949502.0,1000,229812,309
1521118773950502.0,1000,235015,291
1521118773951502.0,1000,273815,346
1521118773952502.0,1000,352225,428
1521118773953502.0,1000,326605,384
1521118773954502.0,1000,352110,416
1521118773955502.0,1000,347325,401
1521118773956502.0,1000,386879,452
1521118773957502.0,1000,263405,344
1521118773958502.0,1000,267709,341
1521118773959502.0,1000,331931,379
1521118773960502.0,1000,372120,383
1521118773961502.0,1000,249914,300
1521118773962502.0,1000,346827,391
1521118773963502.0,1000,308601,371
1521118773964502.0,1000,399760,439
1521118773965502.0,1000,387586,431
1521118773966502.0,1000,267841,335
1521118773967502.0,1000,342557,391
1521118773968502.0,1000,425449,441
1521118773969502.0,1000,415907,430
1521118773970502.0,1000,249914,300
1521118773971502.0,1000,320102,371
1521118773972502.0,1000,276136,343
1521118773973502.0,1000,309987,369
1521118773974502.0,1000,288740,355
1521118773975502.0,1000,408788,440
1521118773976502.0,1000,226001,317
1521118773977502.0,1000,252154,329
1521118773978502.0,1000,361965,390
1521118773979502.0,1000,257790,309
1521118773980502.0,1000,298639,349
1521118773981502.0,1000,391544,453
1521118773982502.0,1000,498483,518
1521118773983502.0,1000,524281,545
1521118773984502.0,1000,621527,584
1521118773985502.0,1000,516818,535
1521118773986502.0,1000,368942,401
1521118773987502.0,1000,357600,425
1521118773988502.0,1000,349939,414
1521118773989502.0,1000,390511,417
1521118773990502.0,1000,254877,325
1521118773991502.0,1000,276152,324
1521118773992502.0,1000,278996,373
1521118773993502.0,1000,232307,307
1521118773994502.0,1000,335597,383
1521118773995502.0,1000,382096,437
1521118773996502.0,1000,431475,457
1521118773997502.0,1000,533284,536
1521118773998502.0,1000,544558,544
1521118773999502.0,1000,323535,370
1521118774000502.0,1000,245454,305
1521118774001502.0,1000,438868,457
1521118774002502.0,1000,633547,588
1521118774003502.0,1000,480333,469
1521118774004502.0,1000,411731,429
1521118774005502.0,1000,405125,445
1521118774006502.0,1000,461381,428
1521118774007502.0,1000,461841,453
1521118774008502.0,1000,523826,532
1521118774009502.0,1000,369211,407
1521118774010502.0,1000,494188,469
1521118774011502.0,1000,465117,469
1521118774012502.0,1000,538285,516
1521118774013502.0,1000,537424,522
1521118774014502.0,1000,426757,450
1521118774015502.0,1000,303539,344
1521118774016502.0,1000,359107,399
1521118774017502.0,1000,395072,418
1521118774018502.0,1000,302670,344
1521118774019502.0,1000,307906,363
1521118774020502.0,1000,253551,341
1521118774021502.0,1000,252348,323
1521118774022502.0,1000,237328,311
1521118774023502.0,1000,299395,344
1521118774024502.0,1000,283901,326
1521118774025502.0,1000,387248,415
1521118774026502.0,1000,226177,282
1521118774027502.0,1000,310583,392
1521118774028502.0,1000,341335,377
1521118774029502.0,1000,468840,453
1521118774030502.0,1000,372329,410
1521118774031502.0,1000,345407,479
1521118774032502.0,1000,484788,488
1521118774033502.0,1000,312005,357
1521118774034502.0,1000,282341,382
1521118774035502.0,1000,241112,304
1521118774036502.0,1000,549243,513
1521118774037502.0,1000,396707,427
1521118774038502.0,1000,266866,314
1521118774039502.0,1000,407588,423
1521118774040502.0,1000,400495,413
1521118774041502.0,1000,361318,397
1521118774042502.0,1000,323424,352
1521118774043502.0,1000,585020,562
1521118774044502.0,1000,541213,533
1521118774045502.0,1000,325666,370
1521118774046502.0,1000,640306,578
1521118774047502.0,1000,442034,434
1521118774048502.0,1000,498059,498
1521118774049502.0,1000,506583,515
1521118774050502.0,1000,536692,506
1521118774051502.0,1000,574665,544
1521118774052502.0,1000,297226,348
1521118774053502.0,1000,218517,303
1521118774054502.0,1000,389495,439
1521118774055502.0,1000,499082,473
1521118774056502.0,1000,424101,481
1521118774057502.0,1000,576310,572
1521118774058502.0,1000,429330,433
1521118774059502.0,1000,352193,366
1521118774060502.0,1000,359660,410
1521118774061502.0,1000,344617,389
1521118774062502.0,1000,403681,437
1521118774063502.0,1000,508711,485
1521118774064502.0,1000,442156,441
1521118774065502.0,1000,370938,401
1521118774066502.0,1000,454942,441
1521118774067502.0,1000,278029,307
1521118774068502.0,1000,259113,332
1521118774069502.0,1000,293399,347
1521118774070502.0,1000,373725,449
1521118774071502.0,1000,249640,314
1521118774072502.0,1000,282420,347
1521118774073502.0,1000,323368,381
1521118774074502.0,1000,589589,538
1521118774075502.0,1000,337020,375
1521118774076502.0,1000,537475,502
1521118774077502.0,1000,760898,682
1521118774078502.0,1000,662962,604
1521118774079502.0,1000,402082,433
1521118774080502.0,1000,392563,436
1521118774081502.0,1000,565250,548
1521118774082502.0,1000,524327,495
1521118774083502.0,1000,547632,492
1521118774084502.0,1000,589475,539
1521118774085502.0,1000,617214,578
1521118774086502.0,1000,393494,407
1521118774087502.0,1000,413152,419
1521118774088502.0,1000,369667,409
1521118774089502.0,1000,364067,411
1521118774090502.0,1000,351960,384
1521118774091502.0,1000,497396,499
1521118774092502.0,1000,399264,398
1521118774093502.0,1000,262815,327
1521118774094502.0,1000,365606,385
1521118774095502.0,1000,364626,414
1521118774096502.0,1000,293237,380
1521118774097502.0,1000,323694,387
1521118774098502.0,1000,433389,454
1521118774099502.0,1000,295629,348
1521118774100502.0,1000,240385,296
1521118774101502.0,1000,257725,330
1521118774102502.0,1000,245168,332
1521118774103502.0,1000,334684,406
1521118774104502.0,1000,244890,333
1521118774105502.0,1000,234574,331
1521118774106502.0,1000,353215,411
1521118774107502.0,1000,522624,510
1521118774108502.0,1000,558754,536
1521118774109502.0,1000,399535,429
1521118774110502.0,1000,381473,392
1521118774111502.0,1000,371873,447
1521118774112502.0,1000,375889,411
1521118774113502.0,1000,295181,344
1521118774114502.0,1000,281076,337
1521118774115502.0,1000,348532,410
1521118774116502.0,1000,190899,269
1521118774117502.0,1000,482483,512
1521118774118502.0,1000,476690,499
1521118774119502.0,1000,405708,440
1521118774120502.0,1000,272485,356
1521118774121502.0,1000,339110,381
1521118774122502.0,1000,505445,517
1521118774123502.0,1000,470596,498
1521118774124502.0,1000,378417,443
1521118774125502.0,1000,448017,532
1521118774126502.0,1000,638680,632
1521118774127502.0,1000,592531,609
1521118774128502.0,1000,523912,529
1521118774129502.0,1000,480841,467
1521118774130502.0,1000,364703,386
1521118774131502.0,1000,357198,380
1521118774132502.0,1000,358459,395
1521118774133502.0,1000,282273,362
1521118774134502.0,1000,226509,303
1521118774135502.0,1000,263769,326
1521118774136502.0,1000,423425,437
1521118774137502.0,1000,373107,422
1521118774138502.0,1000,454042,445
1521118774139502.0,1000,333094,382
1521118774140502.0,1000,304020,359
1521118774141502.0,1000,164737,273
1521118774142502.0,1000,209941,305
1521118774143502.0,1000,162835,256
1521118774144502.0,1000,329400,403
1521118774145502.0,1000,192360,277
1521118774146502.0,1000,370209,397
1521118774147502.0,1000,389821,408
1521118774148502.0,1000,459904,461
1521118774149502.0,1000,470310,487
1521118774150502.0,1000,485570,484
1521118774151502.0,1000,456493,459
1521118774152502.0,1000,439268,453
1521118774153502.0,1000,401455,420
1521118774154502.0,1000,607898,553
1521118774155502.0,1000,653025,575
1521118774156502.0,1000,541468,504
1521118774157502.0,1000,481026,473
1521118774158502.0,1000,427090,449
1521118774159502.0,1000,289362,358
1521118774160502.0,1000,336542,358
1521118774161502.0,1000,439110,470
1521118774162502.0,1000,524346,494
1521118774163502.0,1000,470744,464
1521118774164502.0,1000,505269,497
1521118774165502.0,1000,343458,394
1521118774166502.0,1000,402867,483
1521118774167502.0,1000,450725,448
1521118774168502.0,1000,295186,353
1521118774169502.0,1000,315121,358
1521118774170502.0,1000,297432,357
1521118774171502.0,1000,382465,395
1521118774172502.0,1000,389655,487
1521118774173502.0,1000,412806,425
1521118774174502.0,1000,396440,422
1521118774175502.0,1000,290429,367
1521118774176502.0,1000,277671,329
1521118774177502.0,1000,230823,302
1521118774178502.0,1000,409610,419
1521118774179502.0,1000,188984,291
1521118774180502.0,1000,359835,380
1521118774181502.0,1000,308328,351
1521118774182502.0,1000,523288,505
1521118774183502.0,1000,590396,534
1521118774184502.0,1000,505143,498
1521118774185502.0,1000,448273,466
1521118774186502.0,1000,473132,479
1521118774187502.0,1000,364164,407
1521118774188502.0,1000,283715,336
1521118774189502.0,1000,362053,405
1521118774190502.0,1000,391250,438
1521118774191502.0,1000,425861,509
1521118774192502.0,1000,544925,506
1521118774193502.0,1000,679547,619
1521118774194502.0,1000,488721,501
1521118774195502.0,1000,434060,427
1521118774196502.0,1000,294883,373
1521118774197502.0,1000,401596,413
1521118774198502.0,1000,264988,327
1521118774199502.0,1000,304807,378
1521118774200502.0,1000,511405,534
1521118774201502.0,1000,639467,582
1521118774202502.0,1000,657205,597
1521118774203502.0,1000,433311,440
1521118774204502.0,1000,476691,511
1521118774205502.0,1000,382231,430
1521118774206502.0,1000,309684,369
1521118774207502.0,1000,300481,377
1521118774208502.0,1000,407507,448
1521118774209502.0,1000,517616,523
1521118774210502.0,1000,472935,485
1521118774211502.0,1000,601153,583
1521118774212502.0,1000,369732,409
1521118774213502.0,1000,303926,363
1521118774214502.0,1000,237541,311
1521118774215502.0,1000,343923,396
1521118774216502.0,1000,585340,549
1521118774217502.0,1000,436088,449
1521118774218502.0,1000,602637,556
1521118774219502.0,1000,433453,433
1521118774220502.0,1000,293284,336
1521118774221502.0,1000,412421,421
1521118774222502.0,1000,478558,458
1521118774223502.0,1000,381437,411
1521118774224502.0,1000,362333,374
1521118774225502.0,1000,488779,508
1521118774226502.0,1000,295863,359
1521118774227502.0,1000,296295,373
1521118774228502.0,1000,413931,435
1521118774229502.0,1000,403920,417
1521118774230502.0,1000,294796,341
1521118774231502.0,1000,240512,311
1521118774232502.0,1000,251842,326
1521118774233502.0,1000,437851,448
1521118774234502.0,1000,737483,689
1521118774235502.0,1000,432234,461
1521118774236502.0,1000,260756,332
1521118774237502.0,1000,401364,428
1521118774238502.0,1000,497124,506
1521118774239502.0,1000,636010,592
1521118774240502.0,1000,553038,543
1521118774241502.0,1000,605604,551
1521118774242502.0,1000,570685,550
1521118774243502.0,1000,531876,536
1521118774244502.0,1000,345371,398
1521118774245502.0,1000,369036,389
1521118774246502.0,1000,413587,425
1521118774247502.0,1000,594718,583
1521118774248502.0,1000,457898,448
1521118774249502.0,1000,417726,429
1521118774250502.0,1000,502440,497
1521118774251502.0,1000,464841,472
1521118774252502.0,1000,383395,399
1521118774253502.0,1000,468687,476
1521118774254502.0,1000,299668,369
1521118774255502.0,1000,377417,396
1521118774256502.0,1000,261400,308
1521118774257502.0,1000,267788,324
1521118774258502.0,1000,304086,347
1521118774259502.0,1000,445481,448
1521118774260502.0,1000,323450,364
1521118774261502.0,1000,252614,333
1521118774262502.0,1000,387403,398
1521118774263502.0,1000,488246,470
1521118774264502.0,1000,624373,618
1521118774265502.0,1000,301394,352
1521118774266502.0,1000,397756,432
1521118774267502.0,1000,412458,465
1521118774268502.0,1000,423380,450
1521118774269502.0,1000,331928,375
1521118774270502.0,1000,471213,480
1521118774271502.0,1000,454396,463
1521118774272502.0,1000,417195,434
1521118774273502.0,1000,371347,397
1521118774274502.0,1000,384848,392
1521118774275502.0,1000,265410,337
1521118774276502.0,1000,223203,295
1521118774277502.0,1000,256872,349
1521118774278502.0,1000,297342,363
1521118774279502.0,1000,266387,328
1521118774280502.0,1000,241801,319
1521118774281502.0,1000,362550,391
1521118774282502.0,1000,445353,433
1521118774283502.0,1000,488761,485
1521118774284502.0,1000,536643,518
1521118774285502.0,1000,295448,364
1521118774286502.0,1000,455474,464
1521118774287502.0,1000,333023,406
1521118774288502.0,1000,307783,372
1521118774289502.0,1000,341484,407
1521118774290502.0,1000,395523,425
1521118774291502.0,1000,391590,431
1521118774292502.0,1000,328893,412
1521118774293502.0,1000,388741,431
1521118774294502.0,1000,298946,352
1521118774295502.0,1000,274639,349
1521118774296502.0,1000,292105,350
1521118774297502.0,1000,237283,315
1521118774298502.0,1000,232332,309
1521118774299502.0,1000,371396,409
1521118774300502.0,1000,295337,347
1521118774301502.0,1000,349846,371
1521118774302502.0,1000,270478,369
1521118774303502.0,1000,368520,386
1521118774304502.0,1000,410574,434
1521118774305502.0,1000,332599,370
1521118774306502.0,1000,458446,453
1521118774307502.0,1000,373708,410
1521118774308502.0,1000,419630,439
1521118774309502.0,1000,375801,401
1521118774310502.0,1000,400160,426
1521118774311502.0,1000,364403,410
1521118774312502.0,1000,394022,434
1521118774313502.0,1000,441654,488
1521118774314502.0,1000,302498,383
1521118774315502.0,1000,283623,339
1521118774316502.0,1000,251541,301
1521118774317502.0,1000,390508,413
1521118774318502.0,1000,512814,500
1521118774319502.0,1000,690086,638
1521118774320502.0,1000,878884,752
1521118774321502.0,1000,693120,616
1521118774322502.0,1000,710838,632
1521118774323502.0,1000,641791,604
1521118774324502.0,1000,559347,531
1521118774325502.0,1000,635925,575
1521118774326502.0,1000,502153,490
1521118774327502.0,1000,396088,417
1521118774328502.0,1000,549678,525
1521118774329502.0,1000,410272,429
1521118774330502.0,1000,317975,360
1521118774331502.0,1000,313414,367
1521118774332502.0,1000,360715,382
1521118774333502.0,1000,314814,364
1521118774334502.0,1000,433612,457
1521118774335502.0,1000,421307,442
1521118774336502.0,1000,421818,439
1521118774337502.0,1000,406949,440
1521118774338502.0,1000,415643,430
1521118774339502.0,1000,382077,387
1521118774340502.0,1000,394351,397
1521118774341502.0,1000,319216,362
1521118774342502.0,1000,483875,480
1521118774343502.0,1000,424599,428
1521118774344502.0,1000,554621,518
1521118774345502.0,1000,746848,664
1521118774346502.0,1000,642426,551
1521118774347502.0,1000,557247,569
1521118774348502.0,1000,511459,503
1521118774349502.0,1000,493988,484
1521118774350502.0,1000,564149,542
1521118774351502.0,1000,309676,353
1521118774352502.0,1000,346484,386
1521118774353502.0,1000,431604,473
1521118774354502.0,1000,350813,395
1521118774355502.0,1000,383055,388
1521118774356502.0,1000,392604,432
1521118774357502.0,1000,390217,407
1521118774358502.0,1000,259606,332
1521118774359502.0,1000,357209,397
1521118774360502.0,1000,388322,386
1521118774361502.0,1000,354251,373
1521118774362502.0,1000,367575,392
1521118774363502.0,1000,534747,504
1521118774364502.0,1000,537579,507
1521118774365502.0,1000,627095,562
1521118774366502.0,1000,684554,601
1521118774367502.0,1000,449761,462
1521118774368502.0,1000,305866,346
1521118774369502.0,1000,432225,443
1521118774370502.0,1000,373709,432
1521118774371502.0,1000,381404,420
1521118774372502.0,1000,521185,510
1521118774373502.0,1000,441572,438
1521118774374502.0,1000,351070,379
1521118774375502.0,1000,306061,371
1521118774376502.0,1000,536509,521
1521118774377502.0,1000,549664,520
1521118774378502.0,1000,696744,654
1521118774379502.0,1000,453005,468
1521118774380502.0,1000,669307,589
1521118774381502.0,1000,535325,557
1521118774382502.0,1000,519532,534
1521118774383502.0,1000,367396,400
1521118774384502.0,1000,276547,355
1521118774385502.0,1000,297805,418
1521118774386502.0,1000,317545,402
1521118774387502.0,1000,347447,399
1521118774388502.0,1000,518652,525
1521118774389502.0,1000,289833,332
1521118774390502.0,1000,330722,357
1521118774391502.0,1000,301945,338
1521118774392502.0,1000,261971,322
1521118774393502.0,1000,224648,309
1521118774394502.0,1000,412129,424
1521118774395502.0,1000,480863,445
1521118774396502.0,1000,493533,477
1521118774397502.0,1000,482964,480
1521118774398502.0,1000,552043,536
1521118774399502.0,1000,337908,378
1521118774400502.0,1000,316090,363
1521118774401502.0,1000,399392,408
1521118774402502.0,1000,363109,419
1521118774403502.0,1000,313880,377
1521118774404502.0,1000,369915,381
1521118774405502.0,1000,257785,351
1521118774406502.0,1000,235646,311
1521118774407502.0,1000,260270,315
1521118774408502.0,1000,419136,429
1521118774409502.0,1000,356998,395
1521118774410502.0,1000,598326,532
1521118774411502.0,1000,447172,463
1521118774412502.0,1000,397871,418
1521118774413502.0,1000,382869,422
1521118774414502.0,1000,437630,468
1521118774415502.0,1000,707196,615
1521118774416502.0,1000,480385,460
1521118774417502.0,1000,501195,509
1521118774418502.0,1000,476859,488
1521118774419502.0,1000,297505,359
1521118774420502.0,1000,322168,352
1521118774421502.0,1000,734245,642
1521118774422502.0,1000,804806,673
1521118774423502.0,1000,1049893,844
1521118774424502.0,1000,598768,546
1521118774425502.0,1000,264577,329
1521118774426502.0,1000,287431,321
1521118774427502.0,1000,288599,363
1521118774428502.0,1000,333159,399
1521118774429502.0,1000,439402,449
1521118774430502.0,1000,378240,393
1521118774431502.0,1000,239646,293
1521118774432502.0,1000,331938,377
1521118774433502.0,1000,483624,523
1521118774434502.0,1000,401456,400
1521118774435502.0,1000,367961,393
1521118774436502.0,1000,366196,386
1521118774437502.0,1000,337692,390
1521118774438502.0,1000,375158,403
1521118774439502.0,1000,379820,421
1521118774440502.0,1000,450372,462
1521118774441502.0,1000,421318,444
1521118774442502.0,1000,418475,467
1521118774443502.0,1000,503703,499
1521118774444502.0,1000,449472,472
1521118774445502.0,1000,596012,576
1521118774446502.0,1000,465553,483
1521118774447502.0,1000,461138,471
1521118774448502.0,1000,498747,501
1521118774449502.0,1000,768741,714
1521118774450502.0,1000,341135,364
1521118774451502.0,1000,463283,492
1521118774452502.0,1000,423847,475
1521118774453502.0,1000,405221,452
1521118774454502.0,1000,309251,371
1521118774455502.0,1000,434842,465
1521118774456502.0,1000,394898,436
1521118774457502.0,1000,412848,444
1521118774458502.0,1000,574741,554
1521118774459502.0,1000,634973,562
1521118774460502.0,1000,598257,569
1521118774461502.0,1000,553175,540
1521118774462502.0,1000,684634,622
1521118774463502.0,1000,433675,461
1521118774464502.0,1000,435071,449
1521118774465502.0,1000,539320,523
1521118774466502.0,1000,390352,440
1521118774467502.0,1000,426345,432
1521118774468502.0,1000,547426,519
1521118774469502.0,1000,470424,481
1521118774470502.0,1000,538342,508
1521118774471502.0,1000,387824,396
1521118774472502.0,1000,438600,443
1521118774473502.0,1000,359878,451
1521118774474502.0,1000,459010,510
1521118774475502.0,1000,466780,486
1521118774476502.0,1000,421399,462
1521118774477502.0,1000,527435,542
1521118774478502.0,1000,616165,595
1521118774479502.0,1000,434569,444
1521118774480502.0,1000,600896,646
1521118774481502.0,1000,424707,453
1521118774482502.0,1000,337421,425
1521118774483502.0,1000,380811,397
1521118774484502.0,1000,361810,400
1521118774485502.0,1000,283522,344
1521118774486502.0,1000,302875,330
1521118774487502.0,1000,430709,449
1521118774488502.0,1000,621913,565
1521118774489502.0,1000,605963,588
1521118774490502.0,1000,460078,480
1521118774491502.0,1000,292233,361
1521118774492502.0,1000,366089,403
1521118774493502.0,1000,268685,348
1521118774494502.0,1000,257198,331
1521118774495502.0,1000,259552,309
1521118774496502.0,1000,297133,353
1521118774497502.0,1000,333747,361
1521118774498502.0,1000,264708,327
1521118774499502.0,1000,307914,362
1521118774500502.0,1000,256954,325
1521118774501502.0,1000,258065,331
1521118774502502.0,1000,354394,396
1521118774503502.0,1000,418563,443
1521118774504502.0,1000,253526,300
1521118774505502.0,1000,283140,346
1521118774506502.0,1000,309856,383
1521118774507502.0,1000,369387,430
1521118774508502.0,1000,528997,529
1521118774509502.0,1000,361626,408
1521118774510502.0,1000,316098,373
1521118774511502.0,1000,247170,322
1521118774512502.0,1000,252630,331
1521118774513502.0,1000,263884,334
1521118774514502.0,1000,255873,311
1521118774515502.0,1000,339315,376
1521118774516502.0,1000,429636,429
1521118774517502.0,1000,388206,399
1521118774518502.0,1000,339308,378
1521118774519502.0,1000,429092,448
1521118774520502.0,1000,413757,436
1521118774521502.0,1000,428730,442
1521118774522502.0,1000,320932,374
1521118774523502.0,1000,320152,367
1521118774524502.0,1000,311182,348
1521118774525502.0,1000,196997,287
1521118774526502.0,1000,283401,316
1521118774527502.0,1000,226567,308
1521118774528502.0,1000,230936,312
1521118774529502.0,1000,228406,300
1521118774530502.0,1000,168816,232
1521118774531502.0,1000,171545,274
1521118774532502.0,1000,264417,308
1521118774533502.0,1000,223707,303
1521118774534502.0,1000,400501,430
1521118774535502.0,1000,302820,339
1521118774536502.0,1000,329618,363
1521118774537502.0,1000,355966,385
1521118774538502.0,1000,480964,490
1521118774539502.0,1000,264067,330
1521118774540502.0,1000,620425,586
1521118774541502.0,1000,471521,474
1521118774542502.0,1000,347786,404
1521118774543502.0,1000,189574,279
1521118774544502.0,1000,275230,315
1521118774545502.0,1000,497867,497
1521118774546502.0,1000,458534,467
1521118774547502.0,1000,492118,513
1521118774548502.0,1000,483513,451
1521118774549502.0,1000,430401,442
1521118774550502.0,1000,444803,447
1521118774551502.0,1000,536664,516
1521118774552502.0,1000,532539,517
1521118774553502.0,1000,576239,535
1521118774554502.0,1000,554573,512
1521118774555502.0,1000,464279,467
1521118774556502.0,1000,368022,401
1521118774557502.0,1000,479527,458
1521118774558502.0,1000,339713,409
1521118774559502.0,1000,242709,292
1521118774560502.0,1000,238932,290
1521118774561502.0,1000,199096,256
1521118774562502.0,1000,301214,336
1521118774563502.0,1000,348168,393
1521118774564502.0,1000,275000,342
1521118774565502.0,1000,451474,446
1521118774566502.0,1000,310781,354
1521118774567502.0,1000,455975,449
1521118774568502.0,1000,251079,325
1521118774569502.0,1000,219348,299
1521118774570502.0,1000,385352,412
1521118774571502.0,1000,314759,370
1521118774572502.0,1000,232298,315
1521118774573502.0,1000,457501,506
1521118774574502.0,1000,202818,310
1521118774575502.0,1000,237471,336
1521118774576502.0,1000,387509,453
1521118774577502.0,1000,447146,479
1521118774578502.0,1000,432778,481
1521118774579502.0,1000,421728,470
1521118774580502.0,1000,456624,486
1521118774581502.0,1000,471200,466
1521118774582502.0,1000,308637,378
1521118774583502.0,1000,336719,377
1521118774584502.0,1000,325926,401
1521118774585502.0,1000,284793,343
1521118774586502.0,1000,383354,437
1521118774587502.0,1000,376553,438
1521118774588502.0,1000,339630,402
1521118774589502.0,1000,518904,505
1521118774590502.0,1000,463602,460
1521118774591502.0,1000,524717,488
1521118774592502.0,1000,332237,383
1521118774593502.0,1000,256113,315
1521118774594502.0,1000,319390,391
1521118774595502.0,1000,317892,362
1521118774596502.0,1000,305117,348
1521118774597502.0,1000,413301,427
1521118774598502.0,1000,649988,593
1521118774599502.0,1000,790027,671
1521118774600502.0,1000,511357,474
1521118774601502.0,1000,482159,452
1521118774602502.0,1000,438860,449
1521118774603502.0,1000,551597,531
1521118774604502.0,1000,522007,498
1521118774605502.0,1000,526002,507
1521118774606502.0,1000,456630,455
1521118774607502.0,1000,498696,490
1521118774608502.0,1000,460229,454
1521118774609502.0,1000,471636,474
1521118774610502.0,1000,303172,329
1521118774611502.0,1000,421666,433
1521118774612502.0,1000,380275,426
1521118774613502.0,1000,340562,374
1521118774614502.0,1000,341525,381
1521118774615502.0,1000,335163,406
1521118774616502.0,1000,340100,389
1521118774617502.0,1000,297620,333
1521118774618502.0,1000,315457,350
1521118774619502.0,1000,379504,411
1521118774620502.0,1000,415517,433
1521118774621502.0,1000,479651,504
1521118774622502.0,1000,483970,467
1521118774623502.0,1000,481646,481
1521118774624502.0,1000,326071,368
1521118774625502.0,1000,264996,348
1521118774626502.0,1000,328378,381
1521118774627502.0,1000,249626,323
1521118774628502.0,1000,342463,372
1521118774629502.0,1000,329890,368
1521118774630502.0,1000,285785,352
1521118774631502.0,1000,249227,327
1521118774632502.0,1000,294930,357
1521118774633502.0,1000,287456,372
1521118774634502.0,1000,388783,438
1521118774635502.0,1000,251896,325
1521118774636502.0,1000,520373,507
1521118774637502.0,1000,746887,673
1521118774638502.0,1000,935109,775
1521118774639502.0,1000,642612,624
1521118774640502.0,1000,498776,505
1521118774641502.0,1000,416573,433
1521118774642502.0,1000,351108,384
1521118774643502.0,1000,398199,488
1521118774644502.0,1000,278452,350
1521118774645502.0,1000,328211,374
1521118774646502.0,1000,371331,372
1521118774647502.0,1000,283458,327
1521118774648502.0,1000,414720,420
1521118774649502.0,1000,397179,428
1521118774650502.0,1000,346382,369
1521118774651502.0,1000,448278,492
1521118774652502.0,1000,421977,455
1521118774653502.0,1000,409461,444
1521118774654502.0,1000,365417,398
1521118774655502.0,1000,412661,465
1521118774656502.0,1000,475208,444
1521118774657502.0,1000,258710,350
1521118774658502.0,1000,375112,393
1521118774659502.0,1000,358369,399
1521118774660502.0,1000,393716,427
1521118774661502.0,1000,497207,490
1521118774662502.0,1000,557774,532
1521118774663502.0,1000,545863,530
1521118774664502.0,1000,424716,423
1521118774665502.0,1000,416471,422
1521118774666502.0,1000,417562,454
1521118774667502.0,1000,401242,451
1521118774668502.0,1000,476211,437
1521118774669502.0,1000,452895,451
1521118774670502.0,1000,357985,395
1521118774671502.0,1000,415641,437
1521118774672502.0,1000,419148,450
1521118774673502.0,1000,379029,421
1521118774674502.0,1000,290512,352
1521118774675502.0,1000,265963,333
1521118774676502.0,1000,388836,411
1521118774677502.0,1000,409559,415
1521118774678502.0,1000,592773,583
1521118774679502.0,1000,812221,736
1521118774680502.0,1000,675915,602
1521118774681502.0,1000,592772,558
1521118774682502.0,1000,187135,272
1521118774683502.0,1000,216358,267
1521118774684502.0,1000,416771,437
1521118774685502.0,1000,369894,389
1521118774686502.0,1000,290775,352
1521118774687502.0,1000,243118,287
1521118774688502.0,1000,261800,346
1521118774689502.0,1000,550176,511
1521118774690502.0,1000,318659,382
1521118774691502.0,1000,313356,375
1521118774692502.0,1000,361338,429
1521118774693502.0,1000,412040,443
1521118774694502.0,1000,361288,432
1521118774695502.0,1000,259246,331
1521118774696502.0,1000,363327,417
1521118774697502.0,1000,402505,427
1521118774698502.0,1000,317237,370
1521118774699502.0,1000,273939,372
1521118774700502.0,1000,310917,363
1521118774701502.0,1000,312886,377
1521118774702502.0,1000,529401,493
1521118774703502.0,1000,280649,317
1521118774704502.0,1000,315294,376
1521118774705502.0,1000,431809,426
1521118774706502.0,1000,461370,454
1521118774707502.0,1000,421001,434
1521118774708502.0,1000,286570,343
1521118774709502.0,1000,239128,327
1521118774710502.0,1000,280198,341
1521118774711502.0,1000,368119,387
1521118774712502.0,1000,610795,578
1521118774713502.0,1000,332397,375
1521118774714502.0,1000,347394,359
1521118774715502.0,1000,373144,409
1521118774716502.0,1000,333689,374
1521118774717502.0,1000,382736,383
1521118774718502.0,1000,333375,393
1521118774719502.0,1000,306420,360
1521118774720502.0,1000,309473,380
1521118774721502.0,1000,346264,380
1521118774722502.0,1000,367798,399
1521118774723502.0,1000,230369,314
1521118774724502.0,1000,510071,504
1521118774725502.0,1000,527800,516
1521118774726502.0,1000,520450,471
1521118774727502.0,1000,421018,425
1521118774728502.0,1000,339718,373
1521118774729502.0,1000,282581,368
1521118774730502.0,1000,443003,448
1521118774731502.0,1000,479174,490
1521118774732502.0,1000,392136,424
1521118774733502.0,1000,294157,373
1521118774734502.0,1000,413105,419
1521118774735502.0,1000,501004,492
1521118774736502.0,1000,350739,365
1521118774737502.0,1000,382134,413
1521118774738502.0,1000,340681,389
1521118774739502.0,1000,327320,394
1521118774740502.0,1000,332614,384
1521118774741502.0,1000,282896,353
1521118774742502.0,1000,291316,356
1521118774743502.0,1000,267625,335
1521118774744502.0,1000,419706,453
1521118774745502.0,1000,356758,399
1521118774746502.0,1000,427110,441
1521118774747502.0,1000,652942,593
1521118774748502.0,1000,399574,418
1521118774749502.0,1000,489267,496
1521118774750502.0,1000,508204,477
1521118774751502.0,1000,366749,392
1521118774752502.0,1000,332235,383
1521118774753502.0,1000,300609,364
1521118774754502.0,1000,324900,398
1521118774755502.0,1000,276041,334
1521118774756502.0,1000,239133,325
1521118774757502.0,1000,366787,414
1521118774758502.0,1000,320732,364
1521118774759502.0,1000,251657,309
1521118774760502.0,1000,367624,388
1521118774761502.0,1000,282179,366
1521118774762502.0,1000,468256,470
1521118774763502.0,1000,507594,501
1521118774764502.0,1000,522617,513
1521118774765502.0,1000,436879,446
1521118774766502.0,1000,453592,474
1521118774767502.0,1000,689597,616
1521118774768502.0,1000,535754,547
1521118774769502.0,1000,488493,581
1521118774770502.0,1000,317572,362
1521118774771502.0,1000,304472,358
1521118774772502.0,1000,283397,349
1521118774773502.0,1000,414696,430
1521118774774502.0,1000,445644,475
1521118774775502.0,1000,443676,461
1521118774776502.0,1000,497462,486
1521118774777502.0,1000,366566,401
1521118774778502.0,1000,350018,391
1521118774779502.0,1000,469150,475
1521118774780502.0,1000,411564,446
1521118774781502.0,1000,317813,348
1521118774782502.0,1000,343255,410
1521118774783502.0,1000,319690,397
1521118774784502.0,1000,231799,303
1521118774785502.0,1000,403846,434
1521118774786502.0,1000,467280,451
1521118774787502.0,1000,475483,462
1521118774788502.0,1000,340398,358
1521118774789502.0,1000,322633,366
1521118774790502.0,1000,415553,433
1521118774791502.0,1000,361149,377
1521118774792502.0,1000,609402,553
1521118774793502.0,1000,489444,489
1521118774794502.0,1000,415602,438
1521118774795502.0,1000,424064,446
1521118774796502.0,1000,475223,495
1521118774797502.0,1000,436868,464
1521118774798502.0,1000,390250,440
1521118774799502.0,1000,413230,440
1521118774800502.0,1000,284386,338
1521118774801502.0,1000,380316,405
1521118774802502.0,1000,460496,484
1521118774803502.0,1000,526590,515
1521118774804502.0,1000,323379,364
1521118774805502.0,1000,380250,391
1521118774806502.0,1000,429623,459
1521118774807502.0,1000,472743,498
1521118774808502.0,1000,443735,478
1521118774809502.0,1000,337473,363
1521118774810502.0,1000,435220,435
1521118774811502.0,1000,622691,554
1521118774812502.0,1000,870540,762
1521118774813502.0,1000,526749,519
1521118774814502.0,1000,436264,430
1521118774815502.0,1000,488655,498
1521118774816502.0,1000,413160,459
1521118774817502.0,1000,286664,339
1521118774818502.0,1000,324760,366
1521118774819502.0,1000,319324,376
1521118774820502.0,1000,506681,461
1521118774821502.0,1000,327026,342
1521118774822502.0,1000,329796,392
1521118774823502.0,1000,251920,323
1521118774824502.0,1000,304018,361
1521118774825502.0,1000,322192,368
1521118774826502.0,1000,262612,320
1521118774827502.0,1000,330775,360
1521118774828502.0,1000,399483,449
1521118774829502.0,1000,433903,483
1521118774830502.0,1000,398990,429
1521118774831502.0,1000,450469,450
1521118774832502.0,1000,485603,471
1521118774833502.0,1000,502361,496
1521118774834502.0,1000,485882,452
1521118774835502.0,1000,650129,615
1521118774836502.0,1000,589159,549
1521118774837502.0,1000,612476,547
1521118774838502.0,1000,376245,387
1521118774839502.0,1000,393772,433
1521118774840502.0,1000,391417,400
1521118774841502.0,1000,488931,463
1521118774842502.0,1000,504694,465
1521118774843502.0,1000,553515,509
1521118774844502.0,1000,397994,425
1521118774845502.0,1000,429511,437
1521118774846502.0,1000,374004,403
1521118774847502.0,1000,475027,476
1521118774848502.0,1000,471366,454
1521118774849502.0,1000,256905,328
1521118774850502.0,1000,303864,351
1521118774851502.0,1000,281170,350
1521118774852502.0,1000,255111,320
1521118774853502.0,1000,390104,419
1521118774854502.0,1000,183467,287
1521118774855502.0,1000,304494,346
1521118774856502.0,1000,265618,315
1521118774857502.0,1000,186517,265
1521118774858502.0,1000,259719,289
1521118774859502.0,1000,205035,282
1521118774860502.0,1000,286560,341
1521118774861502.0,1000,274758,359
1521118774862502.0,1000,207745,293
1521118774863502.0,1000,371953,392
1521118774864502.0,1000,324312,381
1521118774865502.0,1000,258135,351
1521118774866502.0,1000,234160,309
1521118774867502.0,1000,247619,311
1521118774868502.0,1000,297637,357
1521118774869502.0,1000,330131,380
1521118774870502.0,1000,459442,448
1521118774871502.0,1000,331306,354
1521118774872502.0,1000,377616,407
1521118774873502.0,1000,560576,505
1521118774874502.0,1000,390011,410
1521118774875502.0,1000,330351,358
1521118774876502.0,1000,466217,450
1521118774877502.0,1000,658510,579
1521118774878502.0,1000,696007,642
1521118774879502.0,1000,797896,693
1521118774880502.0,1000,749615,639
1521118774881502.0,1000,431964,457
1521118774882502.0,1000,412224,475
1521118774883502.0,1000,442917,444
1521118774884502.0,1000,377383,433
1521118774885502.0,1000,322571,375
1521118774886502.0,1000,335121,382
1521118774887502.0,1000,400979,417
1521118774888502.0,1000,302072,367
1521118774889502.0,1000,275450,315
1521118774890502.0,1000,290510,366
1521118774891502.0,1000,320499,347
1521118774892502.0,1000,359552,394
1521118774893502.0,1000,264194,343
1521118774894502.0,1000,335263,405
1521118774895502.0,1000,374342,398
1521118774896502.0,1000,658358,622
1521118774897502.0,1000,520315,532
1521118774898502.0,1000,531266,516
1521118774899502.0,1000,534081,565
1521118774900502.0,1000,435111,445
1521118774901502.0,1000,398379,394
1521118774902502.0,1000,383605,410
1521118774903502.0,1000,465494,474
1521118774904502.0,1000,542743,521
1521118774905502.0,1000,399904,390
1521118774906502.0,1000,336799,370
1521118774907502.0,1000,328549,352
1521118774908502.0,1000,326183,370
1521118774909502.0,1000,407645,428
1521118774910502.0,1000,453675,463
1521118774911502.0,1000,448026,440
1521118774912502.0,1000,408775,433
1521118774913502.0,1000,317130,370
1521118774914502.0,1000,525589,547
1521118774915502.0,1000,363204,409
1521118774916502.0,1000,309505,382
1521118774917502.0,1000,420479,448
1521118774918502.0,1000,455765,438
1521118774919502.0,1000,588712,529
1521118774920502.0,1000,620957,588
1521118774921502.0,1000,358607,428
1521118774922502.0,1000,298910,352
1521118774923502.0,1000,272528,351
1521118774924502.0,1000,224026,318
1521118774925502.0,1000,385667,422
1521118774926502.0,1000,343663,371
1521118774927502.0,1000,234892,334
1521118774928502.0,1000,449087,454
1521118774929502.0,1000,467118,486
1521118774930502.0,1000,377991,410
1521118774931502.0,1000,299512,332
1521118774932502.0,1000,392904,408
1521118774933502.0,1000,460359,452
1521118774934502.0,1000,676571,584
1521118774935502.0,1000,605171,562
1521118774936502.0,1000,663250,583
1521118774937502.0,1000,605134,564
1521118774938502.0,1000,621046,595
1521118774939502.0,1000,766152,668
1521118774940502.0,1000,749896,653
1521118774941502.0,1000,641763,587
1521118774942502.0,1000,608559,568
1521118774943502.0,1000,638198,567
1521118774944502.0,1000,750112,680
1521118774945502.0,1000,530098,494
1521118774946502.0,1000,543138,519
1521118774947502.0,1000,482916,486
1521118774948502.0,1000,339876,366
1521118774949502.0,1000,311444,370
1521118774950502.0,1000,341008,366
1521118774951502.0,1000,422821,443
1521118774952502.0,1000,497528,473
1521118774953502.0,1000,348445,381
1521118774954502.0,1000,348137,416
1521118774955502.0,1000,487245,490
1521118774956502.0,1000,362398,377
1521118774957502.0,1000,490035,493
1521118774958502.0,1000,538010,527
1521118774959502.0,1000,436161,458
1521118774960502.0,1000,367928,406
1521118774961502.0,1000,572386,583
1521118774962502.0,1000,513389,508
1521118774963502.0,1000,504176,535
1521118774964502.0,1000,413373,487
1521118774965502.0,1000,389045,427
1521118774966502.0,1000,377490,442
1521118774967502.0,1000,402640,435
1521118774968502.0,1000,449482,459
1521118774969502.0,1000,263545,382
1521118774970502.0,1000,294933,349
1521118774971502.0,1000,232217,303
1521118774972502.0,1000,294951,379
1521118774973502.0,1000,234730,303
1521118774974502.0,1000,265272,323
1521118774975502.0,1000,268400,334
1521118774976502.0,1000,582749,539
1521118774977502.0,1000,540609,501
1521118774978502.0,1000,513750,490
1521118774979502.0,1000,511443,500
1521118774980502.0,1000,544713,520
1521118774981502.0,1000,469955,471
1521118774982502.0,1000,503624,475
1521118774983502.0,1000,427219,443
1521118774984502.0,1000,592889,576
1521118774985502.0,1000,549245,536
1521118774986502.0,1000,388198,419
1521118774987502.0,1000,242076,325
1521118774988502.0,1000,300691,357
1521118774989502.0,1000,365689,405
1521118774990502.0,1000,241753,312
1521118774991502.0,1000,301563,358
1521118774992502.0,1000,247294,322
1521118774993502.0,1000,360215,420
1521118774994502.0,1000,326958,376
1521118774995502.0,1000,272935,353
1521118774996502.0,1000,327223,392
1521118774997502.0,1000,334171,365
1521118774998502.0,1000,363022,386
1521118774999502.0,1000,428548,454
1521118775000502.0,1000,436595,430
1521118775001502.0,1000,203512,290
1521118775002502.0,1000,372623,371
1521118775003502.0,1000,306381,345
1521118775004502.0,1000,290060,337
1521118775005502.0,1000,333810,399
1521118775006502.0,1000,432443,425
1521118775007502.0,1000,564914,538
1521118775008502.0,1000,384524,406
1521118775009502.0,1000,348561,377
1521118775010502.0,1000,499784,508
1521118775011502.0,1000,475938,460
1521118775012502.0,1000,417536,416
1521118775013502.0,1000,480910,462
1521118775014502.0,1000,394713,390
1521118775015502.0,1000,336325,362
1521118775016502.0,1000,434442,422
1521118775017502.0,1000,457800,493
1521118775018502.0,1000,465558,457
1521118775019502.0,1000,553089,532
1521118775020502.0,1000,393638,395
1521118775021502.0,1000,352810,375
1521118775022502.0,1000,466805,450
1521118775023502.0,1000,377499,410
1521118775024502.0,1000,407577,439
1521118775025502.0,1000,313995,352
1521118775026502.0,1000,405128,424
1521118775027502.0,1000,502809,507
1521118775028502.0,1000,476077,471
1521118775029502.0,1000,298941,372
1521118775030502.0,1000,365314,427
1521118775031502.0,1000,379584,383
1521118775032502.0,1000,375077,403
1521118775033502.0,1000,557695,541
1521118775034502.0,1000,432809,445
1521118775035502.0,1000,477687,481
1521118775036502.0,1000,550964,542
1521118775037502.0,1000,428243,434
1521118775038502.0,1000,470152,486
1521118775039502.0,1000,509509,511
1521118775040502.0,1000,486601,486
1521118775041502.0,1000,501330,505
1521118775042502.0,1000,646418,568
1521118775043502.0,1000,495374,489
1521118775044502.0,1000,483219,466
1521118775045502.0,1000,367457,413
1521118775046502.0,1000,672077,589
1521118775047502.0,1000,723229,625
1521118775048502.0,1000,418395,442
1521118775049502.0,1000,611095,546
1521118775050502.0,1000,373135,387
1521118775051502.0,1000,277049,363
1521118775052502.0,1000,630764,584
1521118775053502.0,1000,381269,421
1521118775054502.0,1000,399243,421
1521118775055502.0,1000,441360,443
1521118775056502.0,1000,360390,381
1521118775057502.0,1000,447644,449
1521118775058502.0,1000,460764,526
1521118775059502.0,1000,453499,447
1521118775060502.0,1000,590271,553
1521118775061502.0,1000,538643,498
1521118775062502.0,1000,391216,393
1521118775063502.0,1000,408429,396
1521118775064502.0,1000,308623,350
1521118775065502.0,1000,405230,455
1521118775066502.0,1000,275139,318
1521118775067502.0,1000,510869,499
1521118775068502.0,1000,625933,546
1521118775069502.0,1000,527471,480
1521118775070502.0,1000,583419,518
1521118775071502.0,1000,447940,454
1521118775072502.0,1000,343887,379
1521118775073502.0,1000,344374,373
1521118775074502.0,1000,364868,414
1521118775075502.0,1000,355963,367
1521118775076502.0,1000,356391,375
1521118775077502.0,1000,445917,452
1521118775078502.0,1000,409084,434
1521118775079502.0,1000,221648,304
1521118775080502.0,1000,255732,316
1521118775081502.0,1000,325359,355
1521118775082502.0,1000,358757,387
1521118775083502.0,1000,378727,390
1521118775084502.0,1000,484819,460
1521118775085502.0,1000,523208,499
1521118775086502.0,1000,385019,402
1521118775087502.0,1000,256547,318
1521118775088502.0,1000,295301,412
1521118775089502.0,1000,369563,402
1521118775090502.0,1000,253044,309
1521118775091502.0,1000,334635,356
1521118775092502.0,1000,442399,454
1521118775093502.0,1000,345738,371
1521118775094502.0,1000,257065,322
1521118775095502.0,1000,272842,352
1521118775096502.0,1000,276664,339
1521118775097502.0,1000,264874,318
1521118775098502.0,1000,256184,313
1521118775099502.0,1000,336704,362
1521118775100502.0,1000,371652,381
1521118775101502.0,1000,358972,387
1521118775102502.0,1000,483071,450
1521118775103502.0,1000,294716,351
1521118775104502.0,1000,467438,451
1521118775105502.0,1000,672170,616
1521118775106502.0,1000,447736,452
1521118775107502.0,1000,331778,369
1521118775108502.0,1000,296218,345
1521118775109502.0,1000,236139,300
1521118775110502.0,1000,359463,385
1521118775111502.0,1000,355072,398
1521118775112502.0,1000,378120,410
1521118775113502.0,1000,213206,292
1521118775114502.0,1000,390276,405
1521118775115502.0,1000,393243,390
1521118775116502.0,1000,440042,429
1521118775117502.0,1000,350185,367
1521118775118502.0,1000,302678,340
1521118775119502.0,1000,439267,440
1521118775120502.0,1000,231398,283
1521118775121502.0,1000,268502,348
1521118775122502.0,1000,294827,339
1521118775123502.0,1000,287785,312
1521118775124502.0,1000,311261,381
1521118775125502.0,1000,241096,316
1521118775126502.0,1000,309208,352
1521118775127502.0,1000,342007,406
1521118775128502.0,1000,384870,418
1521118775129502.0,1000,523655,535
1521118775130502.0,1000,512717,503
1521118775131502.0,1000,478489,476
1521118775132502.0,1000,438166,465
1521118775133502.0,1000,495923,492
1521118775134502.0,1000,343886,374
1521118775135502.0,1000,534098,556
1521118775136502.0,1000,566256,563
1521118775137502.0,1000,538437,513
1521118775138502.0,1000,586890,545
1521118775139502.0,1000,771346,666
1521118775140502.0,1000,494952,468
1521118775141502.0,1000,700326,633
1521118775142502.0,1000,586552,530
1521118775143502.0,1000,528669,513
1521118775144502.0,1000,681648,635
1521118775145502.0,1000,417336,439
1521118775146502.0,1000,660201,585
1521118775147502.0,1000,601475,547
1521118775148502.0,1000,454708,437
1521118775149502.0,1000,543818,532
1521118775150502.0,1000,396194,443
1521118775151502.0,1000,446619,437
1521118775152502.0,1000,345635,408
1521118775153502.0,1000,454853,478
1521118775154502.0,1000,466989,470
1521118775155502.0,1000,403345,430
1521118775156502.0,1000,435859,468
1521118775157502.0,1000,308630,391
1521118775158502.0,1000,320861,374
1521118775159502.0,1000,395423,415
1521118775160502.0,1000,509454,510
1521118775161502.0,1000,323495,340
1521118775162502.0,1000,529040,502
1521118775163502.0,1000,445630,438
1521118775164502.0,1000,357328,374
1521118775165502.0,1000,321689,391
1521118775166502.0,1000,417723,430
1521118775167502.0,1000,369057,415
1521118775168502.0,1000,459916,458
1521118775169502.0,1000,395471,415
1521118775170502.0,1000,319342,372
1521118775171502.0,1000,476965,473
1521118775172502.0,1000,208699,289
1521118775173502.0,1000,273381,333
1521118775174502.0,1000,175011,270
1521118775175502.0,1000,278810,340
1521118775176502.0,1000,202632,280
1521118775177502.0,1000,291242,359
1521118775178502.0,1000,307158,329
1521118775179502.0,1000,297507,349
1521118775180502.0,1000,228781,283
1521118775181502.0,1000,339880,387
1521118775182502.0,1000,286131,328
1521118775183502.0,1000,369830,419
1521118775184502.0,1000,391783,412
1521118775185502.0,1000,438771,442
1521118775186502.0,1000,329899,357
1521118775187502.0,1000,380531,405
1521118775188502.0,1000,240934,309
1521118775189502.0,1000,307019,377
1521118775190502.0,1000,338953,382
1521118775191502.0,1000,271460,331
1521118775192502.0,1000,275228,330
1521118775193502.0,1000,273279,322
1521118775194502.0,1000,296213,347
1521118775195502.0,1000,419087,452
1521118775196502.0,1000,496748,466
1521118775197502.0,1000,369731,414
1521118775198502.0,1000,402315,428
1521118775199502.0,1000,223589,301
1521118775200502.0,1000,303941,347
1521118775201502.0,1000,177136,251
1521118775202502.0,1000,206878,282
1521118775203502.0,1000,249758,344
1521118775204502.0,1000,230502,282
1521118775205502.0,1000,402002,424
1521118775206502.0,1000,268797,332
1521118775207502.0,1000,259431,338
1521118775208502.0,1000,358558,409
1521118775209502.0,1000,333861,353
1521118775210502.0,1000,253433,340
1521118775211502.0,1000,289206,335
1521118775212502.0,1000,185157,277
1521118775213502.0,1000,168401,261
1521118775214502.0,1000,377719,408
1521118775215502.0,1000,419403,433
1521118775216502.0,1000,274608,345
1521118775217502.0,1000,352764,373
1521118775218502.0,1000,361424,425
1521118775219502.0,1000,296605,337
1521118775220502.0,1000,762464,650
1521118775221502.0,1000,454584,458
1521118775222502.0,1000,342108,389
1521118775223502.0,1000,410983,427
1521118775224502.0,1000,508330,507
1521118775225502.0,1000,341630,357
1521118775226502.0,1000,298795,364
1521118775227502.0,1000,355600,389
1521118775228502.0,1000,429051,445
1521118775229502.0,1000,446066,465
1521118775230502.0,1000,392362,396
1521118775231502.0,1000,414185,402
1521118775232502.0,1000,366215,382
1521118775233502.0,1000,443769,471
1521118775234502.0,1000,518409,513
1521118775235502.0,1000,436205,434
1521118775236502.0,1000,527452,497
1521118775237502.0,1000,493639,478
1521118775238502.0,1000,401313,411
1521118775239502.0,1000,449910,458
1521118775240502.0,1000,352996,379
1521118775241502.0,1000,356251,383
1521118775242502.0,1000,367720,388
1521118775243502.0,1000,384365,432
1521118775244502.0,1000,393573,411
1521118775245502.0,1000,381725,386
1521118775246502.0,1000,581024,533
1521118775247502.0,1000,471159,455
1521118775248502.0,1000,300404,352
1521118775249502.0,1000,341332,384
1521118775250502.0,1000,314320,352
1521118775251502.0,1000,365665,397
1521118775252502.0,1000,418878,416
1521118775253502.0,1000,218157,289
1521118775254502.0,1000,393591,405
1521118775255502.0,1000,469776,459
1521118775256502.0,1000,232078,300
1521118775257502.0,1000,386628,408
1521118775258502.0,1000,479504,477
1521118775259502.0,1000,438376,497
1521118775260502.0,1000,475022,467
1521118775261502.0,1000,489266,469
1521118775262502.0,1000,609662,576
1521118775263502.0,1000,415883,442
1521118775264502.0,1000,437798,466
1521118775265502.0,1000,343395,384
1521118775266502.0,1000,400279,432
1521118775267502.0,1000,314059,355
1521118775268502.0,1000,355975,399
1521118775269502.0,1000,275718,351
1521118775270502.0,1000,309872,380
1521118775271502.0,1000,393447,439
1521118775272502.0,1000,374170,412
1521118775273502.0,1000,364197,393
1521118775274502.0,1000,418227,423
1521118775275502.0,1000,460477,454
1521118775276502.0,1000,710392,619
1521118775277502.0,1000,617156,582
1521118775278502.0,1000,533178,484
1521118775279502.0,1000,566848,545
1521118775280502.0,1000,421184,475
1521118775281502.0,1000,515737,492
1521118775282502.0,1000,637781,617
1521118775283502.0,1000,632563,601
1521118775284502.0,1000,429482,447
1521118775285502.0,1000,405237,442
1521118775286502.0,1000,449554,469
1521118775287502.0,1000,400013,439
1521118775288502.0,1000,412025,439
1521118775289502.0,1000,398728,420
1521118775290502.0,1000,373153,388
1521118775291502.0,1000,516352,504
1521118775292502.0,1000,420956,433
1521118775293502.0,1000,329576,357
1521118775294502.0,1000,410980,413
1521118775295502.0,1000,205953,244
1521118775296502.0,1000,341410,363
1521118775297502.0,1000,532307,492
1521118775298502.0,1000,335333,379
1521118775299502.0,1000,333272,378
1521118775300502.0,1000,371661,403
1521118775301502.0,1000,473897,483
1521118775302502.0,1000,585472,562
1521118775303502.0,1000,510881,514
1521118775304502.0,1000,500592,487
1521118775305502.0,1000,560073,541
1521118775306502.0,1000,643764,591
1521118775307502.0,1000,445985,472
1521118775308502.0,1000,429315,440
1521118775309502.0,1000,433174,428
1521118775310502.0,1000,482806,468
1521118775311502.0,1000,465467,456
1521118775312502.0,1000,314446,358
1521118775313502.0,1000,239808,291
1521118775314502.0,1000,334097,408
1521118775315502.0,1000,333473,367
1521118775316502.0,1000,359885,424
1521118775317502.0,1000,396223,446
1521118775318502.0,1000,389556,425
1521118775319502.0,1000,440427,450
1521118775320502.0,1000,327346,354
1521118775321502.0,1000,316560,347
1521118775322502.0,1000,274054,326
1521118775323502.0,1000,369755,383
1521118775324502.0,1000,480791,469
1521118775325502.0,1000,332902,409
1521118775326502.0,1000,348341,391
1521118775327502.0,1000,537897,534
1521118775328502.0,1000,490658,484
1521118775329502.0,1000,417034,438
1521118775330502.0,1000,447724,474
1521118775331502.0,1000,323290,391
1521118775332502.0,1000,555338,553
1521118775333502.0,1000,566972,518
1521118775334502.0,1000,440449,459
1521118775335502.0,1000,379562,407
1521118775336502.0,1000,416705,436
1521118775337502.0,1000,435200,456
1521118775338502.0,1000,526179,505
1521118775339502.0,1000,421946,427
1521118775340502.0,1000,435260,445
1521118775341502.0,1000,350176,378
1521118775342502.0,1000,501600,506
1521118775343502.0,1000,481743,505
1521118775344502.0,1000,451592,455
1521118775345502.0,1000,446585,464
1521118775346502.0,1000,558298,518
1521118775347502.0,1000,626179,628
1521118775348502.0,1000,470322,480
1521118775349502.0,1000,548617,516
1521118775350502.0,1000,373410,402
1521118775351502.0,1000,440823,485
1521118775352502.0,1000,338005,389
1521118775353502.0,1000,317379,366
1521118775354502.0,1000,370702,403
1521118775355502.0,1000,326756,381
1521118775356502.0,1000,337171,389
1521118775357502.0,1000,242257,345
1521118775358502.0,1000,195782,291
1521118775359502.0,1000,285427,352
1521118775360502.0,1000,440445,445
1521118775361502.0,1000,469968,490
1521118775362502.0,1000,305349,342
1521118775363502.0,1000,296281,352
1521118775364502.0,1000,302547,358
1521118775365502.0,1000,309307,352
1521118775366502.0,1000,396289,445
1521118775367502.0,1000,463026,459
1521118775368502.0,1000,424256,453
1521118775369502.0,1000,426807,441
1521118775370502.0,1000,347710,388
1521118775371502.0,1000,315585,352
1521118775372502.0,1000,247326,310
1521118775373502.0,1000,390411,417
1521118775374502.0,1000,380038,405
1521118775375502.0,1000,372195,399
1521118775376502.0,1000,428449,471
1521118775377502.0,1000,431809,483
1521118775378502.0,1000,477124,463
1521118775379502.0,1000,319081,364
1521118775380502.0,1000,277812,334
1521118775381502.0,1000,351083,411
1521118775382502.0,1000,401110,447
1521118775383502.0,1000,410126,433
1521118775384502.0,1000,379255,441
1521118775385502.0,1000,481998,514
1521118775386502.0,1000,516147,517
1521118775387502.0,1000,366525,412
1521118775388502.0,1000,392403,420
1521118775389502.0,1000,280554,318
1521118775390502.0,1000,402465,436
1521118775391502.0,1000,619428,554
1521118775392502.0,1000,515510,504
1521118775393502.0,1000,403039,398
1521118775394502.0,1000,348242,383
1521118775395502.0,1000,289257,351
1521118775396502.0,1000,256772,326
1521118775397502.0,1000,381817,433
1521118775398502.0,1000,195991,299
1521118775399502.0,1000,356996,389
1521118775400502.0,1000,499695,495
1521118775401502.0,1000,435135,436
1521118775402502.0,1000,478080,452
1521118775403502.0,1000,444655,443
1521118775404502.0,1000,397830,401
1521118775405502.0,1000,296041,347
1521118775406502.0,1000,332248,377
1521118775407502.0,1000,322968,348
1521118775408502.0,1000,434739,448
1521118775409502.0,1000,527725,493
1521118775410502.0,1000,427897,441
1521118775411502.0,1000,420734,449
1521118775412502.0,1000,396897,415
1521118775413502.0,1000,322924,367
1521118775414502.0,1000,401400,407
1521118775415502.0,1000,398340,448
1521118775416502.0,1000,423252,432
1521118775417502.0,1000,375166,423
1521118775418502.0,1000,710876,661
1521118775419502.0,1000,438603,445
1521118775420502.0,1000,466267,479
1521118775421502.0,1000,509760,507
1521118775422502.0,1000,497993,489
1521118775423502.0,1000,441058,443
1521118775424502.0,1000,546811,510
1521118775425502.0,1000,435684,460
1521118775426502.0,1000,413979,443
1521118775427502.0,1000,725452,662
1521118775428502.0,1000,875053,757
1521118775429502.0,1000,684955,607
1521118775430502.0,1000,534877,532
1521118775431502.0,1000,422998,434
1521118775432502.0,1000,449231,498
1521118775433502.0,1000,353993,399
1521118775434502.0,1000,640191,579
1521118775435502.0,1000,554032,518
1521118775436502.0,1000,431357,442
1521118775437502.0,1000,581715,526
1521118775438502.0,1000,514755,513
1521118775439502.0,1000,343739,386
1521118775440502.0,1000,430171,438
1521118775441502.0,1000,637038,572
1521118775442502.0,1000,566614,527
1521118775443502.0,1000,543704,538
1521118775444502.0,1000,606849,571
1521118775445502.0,1000,368379,428
1521118775446502.0,1000,278445,334
1521118775447502.0,1000,324634,364
1521118775448502.0,1000,335428,379
1521118775449502.0,1000,407799,421
1521118775450502.0,1000,702836,636
1521118775451502.0,1000,541371,531
1521118775452502.0,1000,340387,389
1521118775453502.0,1000,396432,404
1521118775454502.0,1000,301292,373
1521118775455502.0,1000,429125,449
1521118775456502.0,1000,365081,383
1521118775457502.0,1000,538465,515
1521118775458502.0,1000,482673,463
1521118775459502.0,1000,502938,513
1521118775460502.0,1000,615016,590
1521118775461502.0,1000,488383,494
1521118775462502.0,1000,557191,543
1521118775463502.0,1000,430116,412
1521118775464502.0,1000,354598,379
1521118775465502.0,1000,315345,383
1521118775466502.0,1000,284766,336
1521118775467502.0,1000,374653,419
1521118775468502.0,1000,365995,413
1521118775469502.0,1000,334652,392
1521118775470502.0,1000,343666,377
1521118775471502.0,1000,278947,365
1521118775472502.0,1000,409955,434
1521118775473502.0,1000,418182,428
1521118775474502.0,1000,357290,407
1521118775475502.0,1000,340958,371
1521118775476502.0,1000,471522,460
1521118775477502.0,1000,382666,406
1521118775478502.0,1000,296940,339
1521118775479502.0,1000,354830,380
1521118775480502.0,1000,264205,331
1521118775481502.0,1000,320462,408
1521118775482502.0,1000,260559,340
1521118775483502.0,1000,225351,307
1521118775484502.0,1000,347897,402
1521118775485502.0,1000,312013,374
1521118775486502.0,1000,235417,313
1521118775487502.0,1000,258494,355
1521118775488502.0,1000,294986,357
1521118775489502.0,1000,226712,313
1521118775490502.0,1000,325073,362
1521118775491502.0,1000,583922,552
1521118775492502.0,1000,300438,384
1521118775493502.0,1000,476045,485
1521118775494502.0,1000,350503,407
1521118775495502.0,1000,500754,504
1521118775496502.0,1000,525786,512
1521118775497502.0,1000,411751,432
1521118775498502.0,1000,475846,474
1521118775499502.0,1000,476192,496
1521118775500502.0,1000,329523,357
1521118775501502.0,1000,409792,412
1521118775502502.0,1000,450126,487
1521118775503502.0,1000,423092,447
1521118775504502.0,1000,442894,455
1521118775505502.0,1000,541018,543
1521118775506502.0,1000,415928,443
1521118775507502.0,1000,340717,379
1521118775508502.0,1000,313063,384
1521118775509502.0,1000,244493,329
1521118775510502.0,1000,203885,291
1521118775511502.0,1000,235833,350
1521118775512502.0,1000,285929,360
1521118775513502.0,1000,428211,455
1521118775514502.0,1000,380184,442
1521118775515502.0,1000,404931,463
1521118775516502.0,1000,253581,320
1521118775517502.0,1000,416204,482
1521118775518502.0,1000,364185,383
1521118775519502.0,1000,387755,429
1521118775520502.0,1000,371789,406
1521118775521502.0,1000,561854,548
1521118775522502.0,1000,510456,499
1521118775523502.0,1000,397278,427
1521118775524502.0,1000,459433,455
1521118775525502.0,1000,602652,602
1521118775526502.0,1000,492682,516
1521118775527502.0,1000,809738,745
1521118775528502.0,1000,503729,519
1521118775529502.0,1000,565271,524
1521118775530502.0,1000,490620,502
1521118775531502.0,1000,394779,408
1521118775532502.0,1000,545931,549
1521118775533502.0,1000,689021,637
1521118775534502.0,1000,535395,538
1521118775535502.0,1000,496377,486
1521118775536502.0,1000,471411,477
1521118775537502.0,1000,299709,394
1521118775538502.0,1000,342188,397
1521118775539502.0,1000,337385,387
1521118775540502.0,1000,526785,518
1521118775541502.0,1000,563213,537
1521118775542502.0,1000,421524,443
1521118775543502.0,1000,375258,454
1521118775544502.0,1000,506157,523
1521118775545502.0,1000,447541,464
1521118775546502.0,1000,334144,393
1521118775547502.0,1000,339330,388
1521118775548502.0,1000,232294,309
1521118775549502.0,1000,346703,432
1521118775550502.0,1000,417814,421
1521118775551502.0,1000,448219,452
1521118775552502.0,1000,391831,415
1521118775553502.0,1000,430629,476
1521118775554502.0,1000,499677,505
1521118775555502.0,1000,507342,478
1521118775556502.0,1000,604930,584
1521118775557502.0,1000,815862,740
1521118775558502.0,1000,412029,457
1521118775559502.0,1000,347736,434
1521118775560502.0,1000,439173,468
1521118775561502.0,1000,398150,424
1521118775562502.0,1000,301712,393
1521118775563502.0,1000,301182,388
1521118775564502.0,1000,295270,368
1521118775565502.0,1000,280226,385
1521118775566502.0,1000,294831,367
1521118775567502.0,1000,253393,342
1521118775568502.0,1000,225544,358
1521118775569502.0,1000,405663,447
1521118775570502.0,1000,256284,315
1521118775571502.0,1000,267921,350
1521118775572502.0,1000,273323,329
1521118775573502.0,1000,604084,568
1521118775574502.0,1000,596206,550
1521118775575502.0,1000,550025,507
1521118775576502.0,1000,635634,593
1521118775577502.0,1000,635115,581
1521118775578502.0,1000,456054,487
1521118775579502.0,1000,448887,463
1521118775580502.0,1000,396426,412
1521118775581502.0,1000,503752,482
1521118775582502.0,1000,485792,478
1521118775583502.0,1000,387868,412
1521118775584502.0,1000,387538,423
1521118775585502.0,1000,434683,483
1521118775586502.0,1000,428678,447
1521118775587502.0,1000,362816,401
1521118775588502.0,1000,447913,441
1521118775589502.0,1000,536148,550
1521118775590502.0,1000,467553,466
1521118775591502.0,1000,522968,521
1521118775592502.0,1000,375661,395
1521118775593502.0,1000,433470,450
1521118775594502.0,1000,474861,482
1521118775595502.0,1000,381701,419
1521118775596502.0,1000,356544,400
1521118775597502.0,1000,560573,546
1521118775598502.0,1000,268286,328
1521118775599502.0,1000,415820,427
1521118775600502.0,1000,453187,463
1521118775601502.0,1000,402474,429
1521118775602502.0,1000,415618,439
1521118775603502.0,1000,438380,436
1521118775604502.0,1000,530699,515
1521118775605502.0,1000,426240,445
1521118775606502.0,1000,536181,499
1521118775607502.0,1000,452557,439
1521118775608502.0,1000,410796,445
1521118775609502.0,1000,457295,458
1521118775610502.0,1000,474542,472
1521118775611502.0,1000,582440,596
1521118775612502.0,1000,711909,636
1521118775613502.0,1000,714692,608
1521118775614502.0,1000,365697,415
1521118775615502.0,1000,431956,463
1521118775616502.0,1000,278708,357
1521118775617502.0,1000,344360,371
1521118775618502.0,1000,229731,306
1521118775619502.0,1000,308929,346
1521118775620502.0,1000,253348,307
1521118775621502.0,1000,344828,396
1521118775622502.0,1000,403502,416
1521118775623502.0,1000,436306,456
1521118775624502.0,1000,396654,414
1521118775625502.0,1000,481360,477
1521118775626502.0,1000,462083,477
1521118775627502.0,1000,403696,422
1521118775628502.0,1000,428390,445
1521118775629502.0,1000,446551,470
1521118775630502.0,1000,370504,400
1521118775631502.0,1000,209576,265
